{"position": [[-0.11222262648957297, 0.342276747833676, -0.9807877918569294]], "rotation": [[-0.03625146472122381, -0.9962477387203611, 0.07858927662304512], [0.9937361092065019, -0.044254962921802296, -0.1026160002919294], [0.10570892377036673, 0.07437702166232243, 0.9916116589088457]]}